First Name,Last Name,Zip Code,CCN,Expiration Date
Hunter,Barton,87386,6370957445049869,04/49
Adaline,Lind,25725,2234357114489725,02/12
Kathryn,Gibson,81843,378717957183489,07/63
Terrell,Witting,61503,2234770724076528,08/57
Marshall,Bashirian,29573,344873634726314,01/19
Morgan,Lindgren,85419,6507271754701714,01/09
Michael,Langosh,19333,3001278596767207,12/61
Torey,McKenzie,60526,21317222459748426,04/58
Enrique,Mueller,49162,6449705172110165899,06/15
Maximilian,Pfeffer,96359,2720148454201239,06/79
Cletus,Jacobson,40869,378360713871277,08/52
Haskell,Dietrich,42534,621972967865008723,04/04
Russel,Emmerich,75426,6375992877996506,09/69
Kira,Becker,27811,2131304873753461619,01/14
Reid,Sipes,27507,35288993147038215,04/60
Raegan,Tremblay,21837,39221327374689,04/70
Mozelle,Lakin,37534,4110620466690512,10/19
Michele,Marquardt,83391,36608790531915,04/53
Cortney,Sanford,96841,6376129712778596,08/61
Marcellus,Auer,94163,3528586582367178,11/22
Ethyl,Wehner,37023,3882467158772123162,05/66
Joaquin,Shields,66178,3000172804048670255,12/21
Sallie,Kiehn,32161,5041757807198465,04/53
Jayme,Rogahn,13066,6062821600838750,12/15
Eva,Prosacco,55202,6447129151425126723,01/04
Raina,Cormier,56982,50677900912585773,09/77
Lilliana,Weber,95609,3057846614519213683,01/41
Claudie,Wehner,67831,62197934754748658,08/32
Ricky,Greenfelder,14070,622019825592228159,06/23
Zakary,Brown,76622,6277996348613501201,01/87
Cruz,Reilly,96608,5141598865298121,01/03
Abdul,Gulgowski,41327,2297904717431168,06/93
Saige,Hermiston,40936,815189199276506858,11/21
Shayne,Pacocha,35031,6446765848851601985,01/42
Jarrett,Nicolas,81471,6550006273305928,01/23
Tobin,Torphy,94140,5099998524047749,05/93
Kirsten,Kulas,60460,341199702431337,06/76
Ryan,Price,13024,2720392874568625,06/00
Deanna,Lakin,29596,5099998729936589,08/21
Favian,Lang,74372,6208415774199700602,05/59
Regan,Yost,37146,6291354586722308482,12/02
Andre,Wolff,19276,6062828557788664,11/19
Austyn,Kertzmann,38452,378299460968649,01/06
Brandi,Simonis,69007,5963940649491072824,01/54
Forrest,Kreiger,46343,6556531779820837302,09/81
Candida,Greenfelder,55968,349594679590556,09/86
Zita,Stehr,12559,3003318434683469,02/62
Rolando,Kutch,45272,3054305569430434,07/85
Jada,Parisian,79513,817311863902015,07/46
Gunnar,Bradtke,33725,50899954692301,03/61
Dale,Torp,33356,2131931016402126529,06/02
Isac,Volkman,39827,493698542419,06/40
Estrella,Barrows,28510,62205199950117328,04/23
Lenora,Adams,12611,4194310209049932,11/34
Claudie,Kulas,74074,38153692773628,12/02
Sarina,Larkin,95325,2291148647886408,12/27
Conor,Halvorson,75574,4174626275697419,01/05
Kade,Fritsch,27758,6500315526470608,05/68
Demond,Schiller,38494,341015890936368,06/05
Vivienne,Bechtelar,54593,4221661789548157,10/82
Ceasar,Streich,68832,6011156147335940898,02/66
Karolann,Lynch,51930,6062823780207962,06/21
Lillian,Mraz,87360,378135838148623,11/15
Emelie,Quitzon,84048,4563089387242187,02/98
Erica,Doyle,86489,180023970649392179,10/30
Judson,Littel,11692,343000974957306,10/70
Bernita,Ryan,90378,6376093909695049,04/17
Felicita,Bednar,22740,21313352741977097,02/43
Rachel,Morissette,34119,4022033577659623,10/13
Newell,Hartmann,90816,36735479835604,04/59
Dovie,Bergnaum,46090,6550196435629685,09/42
Lee,Kunze,28298,3005526030308327,11/46
Zoila,Abbott,69614,6376127120828581,03/70
Ariel,Schamberger,83719,2296047299717975,08/55
Kaden,Quigley,10477,21319070529063880,12/50
Marcella,Sawayn,82065,6062828913779118,05/62
Jennifer,Botsford,42828,3589331469481843312,07/59
Rusty,Daniel,12951,1800233166499966513,04/34
Norbert,Spinka,54406,6376099884015038,10/97
Donna,Klocko,28517,6550193912499005,06/84
Tatyana,Herman,76995,4472873619278030,04/30
Ayana,Price,93764,6500313768532235,01/04
Sammy,Mertz,58780,5167876613058263,01/87
Juvenal,Cremin,44943,2720576434906354,09/63
Monte,Hansen,59916,2229774596413584,02/28
Trace,Lehner,70062,6492072938342632,01/76
Birdie,Pouros,37288,2647050067209502,11/79
Ethan,Schaden,84999,8131502353835075491,08/57
Laurianne,Pagac,31986,5000000786849639579,08/76
Santa,Vandervort,22940,6507277684176455,07/28
Birdie,Considine,24624,6062820750395157,04/29
Shanie,Wolf,42621,6062828038845596,11/19
Harvey,Parker,30202,6370957119224921,06/37
Lane,Abbott,36626,343209961145318,06/50
Ashton,Heathcote,40309,348501509599898,09/16
Zena,Beer,21836,50669896225188620,08/10
Yesenia,Zemlak,51583,816344910090295,07/01
Hailee,Batz,75962,2221166763576699,03/33
Adriel,Welch,71198,213193009869660883,02/06
Gabriel,Jakubowski,20989,6238367809521275,04/23
